Тема обращения,"Доля в потоке от, %","Доля в потоке до, %",Вариаций в полном дереве,Релиз,Вариаций после приоритизации,"Закрывается без оператора (допущение), %",Примеры
Статус и проблемы с заказом,30,40,7,Релиз 1,7,70,"Где мой заказ, неполный заказ (возврат или довоз), не мой заказ, изменить, отменить, вернуть деньги"
Качество еды и обслуживания,20,25,5,Релиз 1,5,20,"Холодная, слишком горячая, ошибка в составе, посторонний предмет, испорченная еда"
Программа лояльности и акции,15,15,5,Релиз 1,5,70,"Баллы, активация акции, список акций, нет товара по акции, отказ в акции"
Меню и состав блюд,10,10,7,Релиз 2,7,70,"Состав, калорийность, замена и добавка ингредиентов, что есть в меню, где купить, время завтраков"
Рестораны и часы работы,8,8,6,Релиз 2,6,80,"Ближайший ресторан, часы работы, наличие позиции"
Доставка и оплата,7,7,0,Релиз 2,5,50,"Статус доставки, задержка, оплата не прошла, двойное списание, возврат за отмену"
Технические проблемы с приложением,5,5,6,Без ветвления,0,0,Передача в поддержку приложения
Чистота и гигиена,3,3,6,Без ветвления,0,0,Жалоба на ресторан — передача оператору
Корпоративные вопросы,2,2,6,Без ветвления,0,0,"Работа в сети, корпоративные заказы — ссылка"
Другое,0,5,6,Без ветвления,0,0,"Франчайзинг, спонсорство, забытые вещи — передача оператору"
